<?xml version="1.0" encoding="UTF-8"?>
<OverlayConfiguration>
    <Corner position="TopLeft">
        <Item tag="0010,0010" label="" /> <!-- Patient Name -->
        <Item tag="0010,0020" label="" /> <!-- Patient ID -->
        <Item tag="0010,0030" label="" /> <!-- DOB -->
        <Item tag="0008,0020" label="" /> <!-- Study Date -->
        <Item tag="0008,0030" label="" /> <!-- Study Time -->
        <Item tag="0008,1030" label="" /> <!-- Study Description -->
    </Corner>
    <Corner position="TopRight">
        <Item tag="0008,0080" label="" /> <!-- Institution Name -->
        <Item tag="0008,103E" label="" /> <!-- Series Description -->
        <Item tag="0008,0060" label="" /> <!-- Modality -->
    </Corner>
    <Corner position="BottomLeft">
        <Item tag="0018,0050" label="T" suffix="mm" /> <!-- Thickness -->
        <Item tag="0020,1041" label="L" suffix="mm" /> <!-- Slice Location -->
        <!-- WL/WW is handled by renderer usually, but we can add placeholders if needed -->
    </Corner>
    <Corner position="BottomRight">
        <Item tag="0018,1151" label="" suffix="mA" /> <!-- X-Ray Tube Current -->
        <Item tag="0018,0060" label="" suffix="kV" /> <!-- KVP -->
        <Item tag="0020,0013" label="Im" /> <!-- Instance Number -->
    </Corner>
</OverlayConfiguration>
